"","generic","brand_known","inferredbrand_known","approved_condition_known"
"1","semaglutide",0.543478033580143,0.586383735559566,0.586383735559566
"2","tirzepatide",0.733766095801812,1,1
"3","liraglutide",0.472514424379363,0.472514424379363,0.472514424379363
"4","dulaglutide",0.579273857681412,1,1
"5","exenatide",0.468742823249121,0.468742823249121,1
"6","lixisenatide",0.476584307397069,0.476584307397069,1
